Workbook

Sheet Dashboard
A1: PNG — Revenue-by-Source Scoreboard
A2: Live view of what's actually closing — judge channels on cost-per-closed-deal & ROAS, not vanity leads. Updated from the Lead Log + Ad Spend tabs.
A4: AT A GLANCE
A5: Total Revenue (closed) | B5: =E22 -> 1940
A6: Total Ad Spend | B6: =F22 -> 850
A7: Blended ROAS | B7: =IFERROR(E22/F22,"-") -> 2.2823529
A8: Total Leads | B8: =B22 -> 6
A9: Total Closes | B9: =D22 -> 3
A10: Overall Close Rate | B10: =IFERROR(D22/B22,"-") -> 0.5
A11: Avg Speed-to-Lead (mins) | B11: =IFERROR(AVERAGE('Lead Log'!$F$4:$F$503),"-") -> 80
A12: Backlog — New leads | B12: =COUNTIF('Lead Log'!$G$4:$G$503,"New") -> 0
A13: BY SOURCE
A14: Source | B14: Leads | C14: Quotes | D14: Closes | E14: Revenue ($) | F14: Spend ($) | G14: ROAS | H14: Cost/Lead ($) | I14: Cost/Close ($) | J14: Close Rate | K14: Avg Deal ($)
A15: Meta-Retargeting | B15: =COUNTIF('Lead Log'!$D$4:$D$503,$A15) -> 1 | C15: =COUNTIFS('Lead Log'!$D$4:$D$503,$A15,'Lead Log'!$G$4:$G$503,"Quoted")+COUNTIFS('Lead Log'!$D$4:$D$503,$A15,'Lead Log'!$G$4:$G$503,"Won") -> 0 | D15: =COUNTIFS('Lead Log'!$D$4:$D$503,$A15,'Lead Log'!$G$4:$G$503,"Won") -> 0 | E15: =SUMIFS('Lead Log'!$I$4:$I$503,'Lead Log'!$D$4:$D$503,$A15) -> 0 | F15: ='Ad Spend'!$B$10 -> 400 | G15: =IFERROR(E15/F15,"-") -> 0 | H15: =IFERROR(F15/B15,"-") -> 400 | I15: =IFERROR(F15/D15,"-") -> - | J15: =IFERROR(D15/B15,"-") -> 0 | K15: =IFERROR(E15/D15,"-") -> -
A16: Meta-Prospecting | B16: =COUNTIF('Lead Log'!$D$4:$D$503,$A16) -> 2 | C16: =COUNTIFS('Lead Log'!$D$4:$D$503,$A16,'Lead Log'!$G$4:$G$503,"Quoted")+COUNTIFS('Lead Log'!$D$4:$D$503,$A16,'Lead Log'!$G$4:$G$503,"Won") -> 1 | D16: =COUNTIFS('Lead Log'!$D$4:$D$503,$A16,'Lead Log'!$G$4:$G$503,"Won") -> 1 | E16: =SUMIFS('Lead Log'!$I$4:$I$503,'Lead Log'!$D$4:$D$503,$A16) -> 420 | F16: ='Ad Spend'!$C$10 -> 200 | G16: =IFERROR(E16/F16,"-") -> 2.1 | H16: =IFERROR(F16/B16,"-") -> 100 | I16: =IFERROR(F16/D16,"-") -> 200 | J16: =IFERROR(D16/B16,"-") -> 0.5 | K16: =IFERROR(E16/D16,"-") -> 420
A17: Google Search | B17: =COUNTIF('Lead Log'!$D$4:$D$503,$A17) -> 1 | C17: =COUNTIFS('Lead Log'!$D$4:$D$503,$A17,'Lead Log'!$G$4:$G$503,"Quoted")+COUNTIFS('Lead Log'!$D$4:$D$503,$A17,'Lead Log'!$G$4:$G$503,"Won") -> 1 | D17: =COUNTIFS('Lead Log'!$D$4:$D$503,$A17,'Lead Log'!$G$4:$G$503,"Won") -> 1 | E17: =SUMIFS('Lead Log'!$I$4:$I$503,'Lead Log'!$D$4:$D$503,$A17) -> 640 | F17: ='Ad Spend'!$D$10 -> 150 | G17: =IFERROR(E17/F17,"-") -> 4.2666667 | H17: =IFERROR(F17/B17,"-") -> 150 | I17: =IFERROR(F17/D17,"-") -> 150 | J17: =IFERROR(D17/B17,"-") -> 1 | K17: =IFERROR(E17/D17,"-") -> 640
A18: Cold Email | B18: =COUNTIF('Lead Log'!$D$4:$D$503,$A18) -> 1 | C18: =COUNTIFS('Lead Log'!$D$4:$D$503,$A18,'Lead Log'!$G$4:$G$503,"Quoted")+COUNTIFS('Lead Log'!$D$4:$D$503,$A18,'Lead Log'!$G$4:$G$503,"Won") -> 1 | D18: =COUNTIFS('Lead Log'!$D$4:$D$503,$A18,'Lead Log'!$G$4:$G$503,"Won") -> 0 | E18: =SUMIFS('Lead Log'!$I$4:$I$503,'Lead Log'!$D$4:$D$503,$A18) -> 0 | F18: ='Ad Spend'!$E$10 -> 100 | G18: =IFERROR(E18/F18,"-") -> 0 | H18: =IFERROR(F18/B18,"-") -> 100 | I18: =IFERROR(F18/D18,"-") -> - | J18: =IFERROR(D18/B18,"-") -> 0 | K18: =IFERROR(E18/D18,"-") -> -
A19: Reactivation | B19: =COUNTIF('Lead Log'!$D$4:$D$503,$A19) -> 1 | C19: =COUNTIFS('Lead Log'!$D$4:$D$503,$A19,'Lead Log'!$G$4:$G$503,"Quoted")+COUNTIFS('Lead Log'!$D$4:$D$503,$A19,'Lead Log'!$G$4:$G$503,"Won") -> 1 | D19: =COUNTIFS('Lead Log'!$D$4:$D$503,$A19,'Lead Log'!$G$4:$G$503,"Won") -> 1 | E19: =SUMIFS('Lead Log'!$I$4:$I$503,'Lead Log'!$D$4:$D$503,$A19) -> 880 | F19: 0 | G19: =IFERROR(E19/F19,"-") -> - | H19: =IFERROR(F19/B19,"-") -> 0 | I19: =IFERROR(F19/D19,"-") -> 0 | J19: =IFERROR(D19/B19,"-") -> 1 | K19: =IFERROR(E19/D19,"-") -> 880
A20: Referral | B20: =COUNTIF('Lead Log'!$D$4:$D$503,$A20) -> 0 | C20: =COUNTIFS('Lead Log'!$D$4:$D$503,$A20,'Lead Log'!$G$4:$G$503,"Quoted")+COUNTIFS('Lead Log'!$D$4:$D$503,$A20,'Lead Log'!$G$4:$G$503,"Won") -> 0 | D20: =COUNTIFS('Lead Log'!$D$4:$D$503,$A20,'Lead Log'!$G$4:$G$503,"Won") -> 0 | E20: =SUMIFS('Lead Log'!$I$4:$I$503,'Lead Log'!$D$4:$D$503,$A20) -> 0 | F20: 0 | G20: =IFERROR(E20/F20,"-") -> - | H20: =IFERROR(F20/B20,"-") -> - | I20: =IFERROR(F20/D20,"-") -> - | J20: =IFERROR(D20/B20,"-") -> - | K20: =IFERROR(E20/D20,"-") -> -
A21: Other | B21: =COUNTIF('Lead Log'!$D$4:$D$503,$A21) -> 0 | C21: =COUNTIFS('Lead Log'!$D$4:$D$503,$A21,'Lead Log'!$G$4:$G$503,"Quoted")+COUNTIFS('Lead Log'!$D$4:$D$503,$A21,'Lead Log'!$G$4:$G$503,"Won") -> 0 | D21: =COUNTIFS('Lead Log'!$D$4:$D$503,$A21,'Lead Log'!$G$4:$G$503,"Won") -> 0 | E21: =SUMIFS('Lead Log'!$I$4:$I$503,'Lead Log'!$D$4:$D$503,$A21) -> 0 | F21: 0 | G21: =IFERROR(E21/F21,"-") -> - | H21: =IFERROR(F21/B21,"-") -> - | I21: =IFERROR(F21/D21,"-") -> - | J21: =IFERROR(D21/B21,"-") -> - | K21: =IFERROR(E21/D21,"-") -> -
A22: TOTAL | B22: =SUM(B15:B21) -> 6 | C22: =SUM(C15:C21) -> 4 | D22: =SUM(D15:D21) -> 3 | E22: =SUM(E15:E21) -> 1940 | F22: =SUM(F15:F21) -> 850 | G22: =IFERROR(E22/F22,"-") -> 2.2823529 | H22: =IFERROR(F22/B22,"-") -> 141.66667 | I22: =IFERROR(F22/D22,"-") -> 283.33333 | J22: =IFERROR(D22/B22,"-") -> 0.5 | K22: =IFERROR(E22/D22,"-") -> 646.66667
A24: Targets: | B24: Blended ROAS ≥ 3.0x · Cost/Close < $130 · Cost/Qualified-Lead < $40 · Speed-to-Lead < 60 min · Backlog < 8 (else throttle spend)

Sheet Lead Log
A1: PNG — Lead & Deal Log
A2: Log every lead the moment it arrives. Gray rows are EXAMPLES — delete them before going live. Source & Stage are dropdowns. The Dashboard updates automatically.
A3: Date In | B3: Name | C3: Business | D3: Source | E3: Product Interest | F3: First Touch (mins) | G3: Stage | H3: Quote ($) | I3: Closed Revenue ($) | J3: Notes
A4: 2026-06-16 | B4: Maria L. | C4: Taqueria El Sol | D4: Meta-Prospecting | E4: Banners & table cover | F4: 35 | G4: Won | H4: 420 | I4: 420 | J4: example — delete
A5: 2026-06-16 | B5: Jorge R. | C5: JR Auto Body | D5: Cold Email | E5: Vehicle magnets | F5: 120 | G5: Quoted | H5: 260 | J5: example — delete
A6: 2026-06-17 | B6: Pastor Ruiz | C6: Iglesia Vida | D6: Reactivation | E6: Event banner + backdrop | F6: 15 | G6: Won | H6: 880 | I6: 880 | J6: example — delete
A7: 2026-06-17 | B7: Selena M. | C7: Glam Studio | D7: Meta-Retargeting | E7: Window graphics | F7: 50 | G7: Contacted | J7: example — delete
A8: 2026-06-18 | B8: Carlos V. | C8: V Realty Group | D8: Google Search | E8: Yard signs + riders | F8: 20 | G8: Won | H8: 640 | I8: 640 | J8: example — delete
A9: 2026-06-18 | B9: Ana P. | C9: Fiestas Ana | D9: Meta-Prospecting | E9: Step-&-repeat backdrop | F9: 240 | G9: Lost | J9: example — delete

Sheet Ad Spend
A1: PNG — Monthly Ad Spend (inputs)
A2: Enter what you actually spent each month (blue = edit these). Month 1 is pre-filled with the planned split — change to actuals.
A3: Month | B3: Meta-Retargeting ($) | C3: Meta-Prospecting ($) | D3: Google Search ($) | E3: Cold Email Tools ($) | F3: Monthly Total ($)
A4: Jun 2026 | B4: 400 | C4: 200 | D4: 150 | E4: 100 | F4: =SUM(B4:E4) -> 850
A5: Jul 2026 | F5: =SUM(B5:E5) -> 0
A6: Aug 2026 | F6: =SUM(B6:E6) -> 0
A7: Sep 2026 | F7: =SUM(B7:E7) -> 0
A8: Oct 2026 | F8: =SUM(B8:E8) -> 0
A9: Nov 2026 | F9: =SUM(B9:E9) -> 0
A10: TOTAL | B10: =SUM(B4:B9) -> 400 | C10: =SUM(C4:C9) -> 200 | D10: =SUM(D4:D9) -> 150 | E10: =SUM(E4:E9) -> 100 | F10: =SUM(F4:F9) -> 850
